content_id,content_title
9966,Луна
10140,Солдаты
9572,Мажор
8014,Клуб Винкс – Школа волшебниц
9983,Метод
7097,Закрытая школа
10073,Косатка
10427,"Петровка, 38. Команда Петровского"
9195,Смерть шпионам: Скрытый враг
9786,Женская доля
10208,Даша-путешественница
10590,Чичилэнд
9797,Новые приключения Винни Пуха
10596,Добрый Комо
10956,Подмена
10275,Три кота
7384,На безымянной высоте
10939,Район тьмы
7423,Неудача Пуаро
6793,Битва за Москву
9561,Черный квадрат
9803,Виолетта
10112,Мамочки
7654,Светофор
6962,Громовы. Дом надежды
10579,Из Сибири с любовью
9696,Громовы
9713,"Два сердца, одна судьба"
7575,Приключения Электроника
10624,Все вернется
8706,Смешарики
10264,Мегрэ
10613,Призрак в кривом зеркале
10146,Стая (2005)
7485,Отчаянные домохозяйки
10050,Погоня за тремя зайцами
10821,Затмение (2015)
7457,Одна за всех
9218,Смешарики: Пин-код
9285,"Петр Лещенко. Все, что было…"
10320,Конец операции «Резидент»
7356,Морозов
10748,Таинственная страсть
7125,Золотой теленок
10084,Сын ворона
9246,Развод
6754,Апостол
9471,Снайперы: Любовь под прицелом
8132,Друзья ангелов
6968,Даешь молодежь
7305,Мастер и Маргарита
9364,Однолюбы
10697,Супер Крылья: Джетт и его друзья
10247,Веселая школа
10095,Французская кулинария
9589,Григорий Р.
9437,Бесы (2014)
7958,Дело гастронома №1
9291,Полнолуние
9769,Робокар Поли
9634,Парфюмерша
9128,Под прикрытием
10860,За полчаса до весны
9938,Живая история
10472,Женщина в беде 3
7350,Молодой Волкодав
8464,Смерть шпионам: Крым
6979,Два капитана
9555,Волчье солнце
9420,Одесса-мама
8205,Освобождение: Огненная дуга
9516,Учителя
9409,В зоне риска
9600,Чужестранка
9167,Саладин
7063,Ермоловы
10174,Вовочка
10866,Гюльчатай
6883,Вокзал для двоих
10219,Случайная любовь
7564,Приключения Буратино
7187,Капитан Немо
7193,Карнавал
10326,Приступить к ликвидации
10343,Полнолуние (2004)
10022,Пузыри (Баблс)
8211,Покровские ворота
8188,Большая перемена
11012,Сибирская коллекция
7429,Новаторы
9302,Джо
10562,След-52
8391,Генеральская внучка
9330,Любовь в большом городе 3
8582,Все хип-хоп
9465,Следствие по телу
8363,Имп
10804,Ненавижу
10725,В мире мифов и заблуждений
8138,Большая энциклопедия природы
10545,Певица
10742,Виолетта из Атамановки
8408,Миллионер поневоле
8160,Архангел
8008,Опережая выстрел
10399,Поросёнок
949,12 стульев (1971)
10849,Удар Зодиака
9184,Три дня лейтенанта Кравцова
8166,Десять заповедей
10815,Проще пареной репы
7789,Тот самый Мюнхгаузен
10056,Большой тест-драйв
10787,Тёмные воды
10759,Слабая женщина
7868,Чародеи
8177,Охотники на монстров
6816,Братья Карамазовы (2009)
7530,Поднятая целина
9645,Еще до войны
6934,Главные роли
7491,Охота на асфальте
9015,10.5 баллов
7997,Черный пират
133238,Иван Царевич и Серый Волк 3
60444,Дорогой Джон
94003,Комната смерти
136641,Месть от кутюр
190968,Без тормозов
160688,Выжить
147689,Петербург. Только по любви
126893,Последний охотник на ведьм
51376,Аэлита
144758,Импульс
9547,Звездные войны: Войны клонов
6734,Амазонки
131522,Офицеры
190732,"Прощай, Бафана"
10739,Товарищи полицейские
190895,Фетиш
137547,Норм и Несокрушимые
9108,Кухня
9091,Белка и Стрелка: Озорная семейка
144938,Отважный рыцарь
124598,Укради мою жену
186170,Высокие каблуки
7651,Сваты 4
102469,Горячие новости
131258,Иллюзия обмана 2
103352,Риддик
10469,Московская борзая
182294,Кинотавр Shorts
7471,Осведомленный источник в Москве
157319,Гиппопотам
82691,Долина блаженства
82736,Замок с привидениями
61299,Полярная буря
114394,Золото
95083,Последнее завещание Нобеля
57288,Жизнь Дэвида Гейла
156492,Мой похотливый адвокат
54864,Кадриль
9969,"Между нами, девочками"
52946,Дамы приглашают кавалеров
170847,Современный роман
21198,Катись!
60191,Командир счастливой «Щуки»
102435,Зачинщики
191407,Сговорчивые 6
51984,Далеко по соседству
103369,Орудия смерти: Город костей
10104,Истребители
9243,Ганнибал
108988,+1 (Плюс один)
85498,Сестренка
45425,Приют
9693,Подземный переход
144747,Механик
9249,Склифосовский
164266,Вторая жизнь Уве
133075,Блондинка с обнаженной грудью
7702,СМЕРШ
151711,Синдбад. Пираты семи штормов
66378,Похищенная
190951,Клэр Кастель возвращает должок
180860,"Забудь меня, мама!"
191064,Похищение
10081,Заговоренный
7280,Лунтик и его друзья
157347,Незваные гости
66834,Наемник
115609,Скорый «Москва-Россия»
9586,Такая работа
145062,Выбор
126426,Неупокоенная
107509,Домоправитель
127703,Живая кровь
109146,Давние любовники
15106,Балтийская слава
103324,Курьер из рая
8208,Падение Берлина
59094,Молодая Виктория
106401,День апокалипсиса
50330,Немыслимое
127028,Простушка
133975,Кто я
10385,Временно недоступен
73016,Бой с тенью 3D: Последний раунд
126983,Царство красоты
166330,Близкие люди
158759,Ошибка времени
47574,13
67537,Здоровье начинается дома
159535,Завтрак у папы
121560,Смешанные чувства
6982,Две сестры
9541,Врумиз
112633,Первый после Бога
123540,Голоса
3209,Бременские музыканты
158939,Любой ценой
112358,Дивергент
85014,Племя
132473,Разрешите тебя поцеловать… отец невесты
9794,Аладдин
7235,Кремлевские курсанты
58959,Акулы. Поле битвы
7319,Метод Лавровой
9187,Метод Фрейда
7882,Черный снег 2
121549,Сен-Лоран. Стиль это я
168147,И на камнях растут деревья
109309,Я тоже тебя люблю
60309,Полустанок
190957,Похождения Лолы
60213,Ленин в 1918 году
87596,2016: Конец ночи
121504,Василиса
7966,Робинзон Крузо
99915,Помни
33286,Первая скрипка
145056,Чистое искусство
96326,Снежная королева
19898,Завещание профессора Доуэля
10689,Правила угона
53441,Убить дракона
160604,Шар
98351,Леди
191283,Последний лепесток
168226,Школьный вальс
186575,Кольт 45
180882,Вечное свидание
7207,Ключи от бездны 2. Охота на призраков
66204,Гималаи
52951,Девушка без адреса
67346,Тройная уха
51061,Заложник смерти
2466,Выкуп
63155,Кориолан
133519,Воин
133463,Срочно выйду замуж
94099,Хочу в Голливуд
50392,Тайна Мунакра
52344,Кого хочу я больше
125717,Черное море
66373,Вот я какой
95899,Искатели приключений
115350,Убей меня нежно
127000,Цена человека
57035,Няньки
9299,Разведчицы
186153,Открытое окно
67773,Кошмар за стеной
15083,Достигаев и другие
170780,Скандинавский форсаж: Гонки на льду
112453,Дурное воспитание
34338,"Хрусталев, машину!"
133418,Страна ОЗ
66744,"Крылья, ноги и хвосты"
9991,Доктор Машинкова
9198,1812
98503,Власть убеждений
10801,Валькины несчастья
53041,Дети понедельника
170729,Помни
67447,Нимфа Салмака
7589,Противостояние (1985)
60787,Путь воина
177614,Идеальные незнакомцы
130296,Мы – легенды
149725,Последний герой
122629,Невидимки
110473,Как соблазнять труднодоступных женщин
82697,Папа в командировке
145163,Диктатура секса
10919,Трактаун
136056,Моя мама
2489,Мымра
145124,Армия: О чем молчат офицеры?
176101,Солдат (У солдата выходной)
100393,В плену у космоса
111053,Твой друг крыса
10312,Россия молодая
103290,Владение 18
9879,Последний бой
50150,Тайный знак
97811,Неудержимый
100877,Тост
53126,Нашествие
112341,Кайт
9260,Легенда о Молин
176714,Человек-оркестр
52895,Афоня
112290,Турецкий для начинающих
191069,"Посмотри, что мы натворили"
100815,Клуб Винкс – Судьба Блум
103279,Белка и Стрелка: Лунные приключения
59561,Рэмбо IV
52974,Зигзаг удачи
19893,Замок
59538,Обитель зла 3
10059,Умник
174627,Река памяти
176697,Пляжный пикник
132265,Тимур и его команда
128783,Осквернители могил
145146,Волна
9496,"Алиса знает, что делать!"
57041,Александр
10829,Дочь за отца
19904,Свадьба в Малиновке
136737,Индия 3D: По следам тигра
8461,Право на помилование
115620,Легенды страны Оз: Возвращение в Изумрудный Город
7443,"Осторожно, обезьянки"
34597,Жил у бабушки Козел
98447,Реальные парни
126578,Звезда
53154,Калина красная
6892,Вольф Мессинг: Видевший сквозь время
188977,Бой под Соколом
146502,Одаренная
10666,Майор и магия
8219,Судьба
10368,Соник Бум
127624,Сердце воина
105641,Человек ноября
82376,Повторяющие реальность
191137,Признание. Часть 4
86218,Собачья жизнь
157313,Апокалипсис в Лос-Анджелесе
98531,Кровью и потом: Анаболики
134059,Поездка
191429,За чужие грехи
61293,Цельнометаллический захватчик
159085,Белки в деле
136354,Половое воспитание
114411,Колония
171230,Ночной тариф
90279,Вверх тормашками
66693,Подарок для слона
10064,Тихий Дон
32054,Любовь в большом городе 2
67374,Сказка сказывается
51050,10 шагов к успеху
10115,Свинка Пеппа
8433,Военная разведка: Первый удар
11725,Двойная фамилия
8945,Моя прекрасная няня
4362,Путешествие муравья
6931,"Гардемарины, вперед!"
54144,Скорый поезд
108921,Ночь живых мертвецов 3D
186547,Он и Она
157330,Наруто 9: Путь ниндзя
109230,Елки
115637,Детка
191339,Одиночка
6785,Бернард
60798,Коломбиана
2483,Остров сокровищ
34321,Чужая родня
121618,Жестокий ринг
2659,Невеста любой ценой
103432,Твоя рука в моей руке
74862,Механик
123947,Пленница
108922,Мертвые души
98516,Гольциус и Пеликанья компания
9024,Везуха!
191279,Злая шутка
138454,Колония Дигнидад
132373,Единичка
146745,Запретная зона 3D
123519,Версальский роман
44026,Скайлайн
98454,"Привет, мне пора"
15062,Братья Комаровы
166332,Красавчик
160690,Ниндзя 2
110171,Адреналин: Высокое напряжение
176710,Детектив Мэтр
10593,Машина Автошкола
10914,ОСА
147696,Агорафобия
137396,Большой всплеск
186571,"Беги, прячься, умирай"
156488,Булки. Введение
191352,Сладкие фантазии 3
67572,Весенние мелодии
190964,Любовная история 2
191414,"В тесноте, да не в обиде"
138178,Хани мани
53110,Курьер
176614,Источник
34362,Таможня
132474,Викинг
126872,Самый лучший день
98403,Метро
144720,Статус: Свободен
95090,Коллекционер 2
139466,Одноклассницы
103404,Нимфоманка: Часть 1
126658,Дурак
82760,1984
105699,Великая красота
93751,Киллер Джо
99478,Бэйтаун вне закона
41191,Каникулы строгого режима
191504,Осколки хрустальной туфельки
96322,Мужчина нарасхват
10745,Под каблуком
3210,Вовка в Тридевятом царстве
137042,Падение
102414,Страховщик
191408,Свежее тело 2
191425,Во имя любви
57025,Револьвер
191138,Признание. Часть 5
52947,Девчата
133425,Этот неловкий момент
161325,Дары смерти
10070,Анка с Молдаванки
67775,Малышка Шерри
107184,Печальная баллада для трубы
176704,Игра Джери
8377,Объявлены в розыск
93633,"Паранорман, или Как приручить зомби"
103331,Уцелевший
187358,К теще на блины
128104,Легенда
130224,Воин
157315,Акулы на свободе
31825,Республика ШКИД
10098,Следователь Тихонов
97807,Одним меньше
10036,Как я стал русским
133279,Волки и овцы: бе-е-е-зумное превращение
52975,Дорогая Елена Сергеевна
33327,Щелкунчик
26419,Машина времени в джакузи
166956,"Огонь, вода и ... медные трубы"
148303,Тэли и Толи
67364,Слушается дело о...
146599,СуперБобровы
60226,Метель
96305,Драйв
191498,Не говори мне «Прощай!»
53380,Я шагаю по Москве
133459,Ускорение
138426,Врата тьмы
96176,Агент Хамилтон: Похищенная
34587,Храбрый заяц
66380,Время пришло... 2:22
132294,Боги Египта
50393,Удивительная легкость
127839,Дар
156499,С первого взгляда
91726,Расёмон
99866,Белое платье
190733,Я хочу конфетку
60350,Сверстницы
112325,Нереальная любовь
115605,Летняя ночь в Барселоне
7595,Пуаро
59613,Красавица и уродина
170753,Частное пионерское 2
174550,Бесприданница
10250,Великая
60305,Поздняя ягода
92795,Три метра над уровнем неба: Я тебя хочу
133532,Савва. Сердце воина
14989,В день свадьбы
33310,Приключения Буратино
172947,Неуловимые: Джекпот
54865,Как стать счастливым
66706,Осьминожки
121522,Приключения маленьких итальянцев
131304,Ганмен
170494,Легенды Нетайи
171563,Хроники мстителя
10419,Гении
85117,Горячая точка
186565,Смерть Эйприл
67460,На черный день
81798,Ограбление на Бейкер-Стрит
9744,Декстер
86214,Сорок семь верных вассалов эпохи Гэнроку
98347,Заложница 2
67527,Злодейка с наклейкой
184118,Фото на недобрую память
10149,Серебряная свадьба
44892,Необычайные приключения Адель
95079,Тэд Джонс и Затерянный город
53127,Высота
164408,Чернобыль: 30 лет спустя
110295,Жажда
158760,Неслабый пол
170837,Саманта Сэйнт Великая грешница
98398,Тихая гавань
31358,Связь
101441,Белое зло
33231,Нити
15951,Витамин роста
10683,Челночницы
133695,Война полов
9530,Танцы марионеток
102268,Последние пять лет
107212,Дочь
103314,Темный мир: Равновесие
131293,Синистер 2
176125,Как трудно признаться в любви
26093,Дикость
8439,Широка река
9474,Как выйти замуж за миллионера
119385,Класс
87592,Старая добрая оргия
191335,Дальневосточная экспедиция
31808,Сицилианская защита
174370,Спешите любить
60811,Белоснежка: Месть гномов
149867,Маршрут построен
121539,Одержимость
9676,Беспокойный участок
95872,Зло из бездны
53403,Суета сует
133436,Пиковая дама: Черный обряд
145086,Краденое свидание
97638,Слоеный торт
191065,Шикарные новые лица
166984,Супергерои
127704,Скорость света
125606,Лицо французской национальности
47603,Телохранитель
3244,Машенька и медведь
114390,Откровения лучших порномоделей
106402,Лекарство
107330,Принцесса Монако
53020,Жили-были старик со старухой
128087,Одержимость Эммы Эванс
122220,Еще один год
126956,Эшби
89176,Тупик
191502,Однажды и навсегда
127027,Одной левой
34669,Волк и семеро козлят
133074,Клип
62637,Дневник его жены
89238,13 убийц
99481,Большая ржака!
160609,Монстры Юга
45087,Четвертый вид
53136,Выстрел
60297,Пилоты
53097,Операция «Ы» и другие приключения Шурика
103329,Горько!
137417,Равные
11702,Парадиз
10582,Женщина его мечты
186563,Блок №13
40587,Чертенок № 13
172011,Рыбки
138452,Пятница
168135,Екатерина Воронина
103458,Тревожный вызов
172624,Поезд в Пусан
108318,Смешарики. Начало
19791,Кочубей
176708,Луна
158764,Таймлесс 3: Изумрудная книга
57327,Студентка по вызову
53119,Любовь и голуби
114759,Покажи мне любовь
53367,Ты и я
137732,Абсолютная власть
100404,Расставаясь с девушками
107266,Орда
160783,Служанка
102423,Воздушный маршал
70006,Маша и море
185618,Пропавший без вести
121548,Выпускной
123523,Лицо ангела
31367,День радио
10239,Фортитьюд
67351,Только не сейчас
126988,Мадемуазель Си
115625,Желтоглазые крокодилы
161323,Пеле: Рождение легенды
26175,Как потерять друзей и заставить всех тебя ненавидеть
122218,Тайна темной комнаты
107424,Синистер
95870,Звездный охотник
132382,Красная армия
186310,Чунгул
127882,Динокрок против динозавра
170841,Моя личная массажистка
54216,"Особенности национальной подледной ловли, или Отрыв по полной"
93558,Небесный суд
2657,Никто не знает про секс
98418,Врата дракона
31851,Прости
107525,Воин
114371,Короткий срок 12
109308,Служанка
187137,Невезучая
111626,Хочу как Бриджит
82375,На карте не значится
33921,Шинель
92793,Играй до смерти
60781,Месть пушистых
102198,Ученик мастера
120789,К Элизе
127888,Новая попытка Кейт МакКолл
98424,Большие надежды
132371,Бармен
109961,Братц
10244,Раскраски с доктором Машинковой
59082,"10 вещей, которые Вы не знали о потере веса"
190956,Клэр и Кара к вашим услугам
125621,Боксер
35794,Темный мир
183250,Учим Историю вместе с Ам Нямом
50965,Морские динозавры 3D: Путешествие в доисторический мир
50329,Не оставляющий следа
86217,Одноглазые валеты
124884,Как заниматься любовью по-английски
70338,Амфибия
103351,Враг
191136,Признание. Часть 3
121498,Астерикс: Земля Богов
10711,Улыбка лиса
4361,Снеговик-почтовик
96303,Страшно красив
134070,Допинг
52270,Попали!
50999,Союз зверей
103419,Комната бабочек
115597,Мой Аттила Марсель
191350,Сладкие фантазии
9513,Агенты «Щ.И.Т.»
98446,Побочный эффект
7415,Немецкий алфавит для детей
190894,Страсть 4
60291,Первый учитель
107283,"Прощай, моя королева"
126206,Территория
103779,Резня
34613,Мешок яблок
67964,Хороший парень
160626,Почему не спросили Эванс?
2640,Точка
106400,Катастрофа на День независимости
95898,Параллельные миры
59526,Любовь случается
191406,Сговорчивые 5
8220,Гордый кораблик
110124,Удушье
45233,Счастливый конец
53384,Цирк
161115,Бесы
100882,Сломленные
121543,Зильс-Мария
124496,День выборов
34337,Шаг навстречу
156491,Как соблазнить сиделку
121537,Обитель проклятых
14211,Битва умов
11612,Мальчики-девочки
9603,Лучше звоните Солу
26732,Жу-жу-жу
8163,День Триффидов
53159,Летят журавли
41599,Мамонт
7029,ULU4SHAIZER
9650,Разжалованный
121572,Тёмная долина
126089,Прости за любовь
137334,Сноуден
58988,Вторжение крокодилов
98397,Стукач
138661,Славные парни
125009,Центурион
8630,Роботех
57306,Сыщик
97812,Паркер
129931,Мисс Медоуз
95095,Тайна (Секрет)
10756,Храни тебя любовь моя
70069,Право на убийство
7884,Игла
170752,Частное пионерское
136040,28 панфиловцев
124503,Эверглейдс 3D: Ламантины Кристальной реки
190896,Чистое наслаждение 2
133683,14+
46714,Свадьба по обмену
97806,Легенда №17
45229,Альфа и Омега: Клыкастая братва
115694,Елки лохматые
12980,Интимные приключения
133520,Шеф Адам Джонс
155013,Помню – не помню!
3311,Непослушный котенок
53166,"Взрослая дочь, или Тест на..."
98532,Кон-Тики
131242,Логан
156588,Жених
190969,Порочные желания
138369,Свет в океане
190952,Полный назад
47951,"Девушка, которая взрывала воздушные замки"
3198,Как львенок и черепаха пели песню
130201,Секс по обмену
125077,Война обычного человека
3316,По следам бременских музыкантов
156487,Аса Акира – азиатская оторва
34361,Уникум
127782,Потерянные в Манхеттене
156493,Нескромное обаяние буржуазии
186570,Корабль призрак
66745,Крошка Енот
2821,Путь Карлито
191284,Поцелуев мост
184005,Бестселлер по любви
45088,"Больше, чем друг"
106165,Погребенный заживо
132271,Майские звезды
191070,Вуаля
10638,Рисунки Темы
103291,Starперцы
127023,Приличные люди
34367,Старик Хоттабыч
160059,Уроки выживания
85116,Черный океан
16018,Фантик
155801,Как Новый год на свет появился
109726,1+1
130308,Вербо
133250,30 свиданий
67774,Красная Шапка против зла
112336,Чемпионы
124497,Убийство на 100 миллионов
121578,Оставленные
10869,Частный детектив Татьяна Иванова
60163,Безумный день
85009,Неуловимый Люк
26576,Молодая жена
191503,Однажды преступив черту
186919,Елена Прекрасная
170848,Чиксы
50359,Адский бункер
184725,Евгений Гришковец: Шепот сердца
52879,Безотцовщина
107228,Бункер
105625,Одержимость
70080,Джек и бобовый стебель
54004,"Сказ про то, как царь Петр арапа женил"
136462,Смешарики. Легенда о золотом драконе
67965,Челюсти 3D (2D версия)
85122,Где-нибудь завтра
60366,Куколка
88474,Три метра над уровнем неба
133514,Декамерон
93644,8 первых свиданий
60799,Конан-варвар
186154,Право на «лево»
155913,Любовь и дружба
60338,Родня
166944,Гонки по-итальянски
23274,Красный отель
59494,Возвращение
32055,Гитлер капут!
137536,Супернянь 2
127220,Обман
13903,Эмма
96181,Любовь и кухня
14994,Воскресный папа
191340,Жизнь без Веры
34614,Каникулы Бонифация
126382,Дабл трабл
138183,Неоновый демон
90162,Мужчины в большом городе 2
2484,На море!
171731,Полярные приключения
99466,Патруль
61277,Ужасы Лох-Несса
110215,Сказка про темноту
2664,Невыполнимое задание
133413,Майский дождь
151773,Тайный игрок
57373,Астробой
157314,Лавалантула
160627,Тайна семи циферблатов
4025,Чистильщик
170713,Пешие туристы
127833,Тайная жизнь
9665,Ошибка резидента
99921,Я видел Дьявола
53357,Двадцать шесть дней из жизни Достоевского
146694,Герой
59623,Список контактов
9406,1941
151526,Во что поиграть? Лучшие игры декабря
9519,Бесценная любовь
102413,Страсти Дон Жуана
51754,Завтра была война
17874,Призрачный меч
123687,Всё могу
10807,Дом для куклы
118951,Смерть в сети
112482,Букашки. Приключение в Долине муравьев
110142,Теорема Зеро
136304,Неуловимые: Последний герой
67954,Профессионал
53402,Гражданин Лешка
133458,Убрать из друзей
147965,Ленин. Тайна ненаписанной биографии века
127715,Критический момент
102267,Репортаж со свадьбы
85949,Дом
10627,Джокер 2. Операция «Капкан»
52924,Асса
10430,Берия. Проигрыш
190963,"Жизнь, любовь и страсть"
170842,Вместе с сестрой
74867,13-й район: Ультиматум
158765,#SELFIEPARTY
119384,10 мгновений судьбы
161398,План ограбления
60788,Время ведьм
60360,Смелые люди
107386,Шеф
52918,Весна
133689,Про Любовь
31875,Принципиальный и жалостливый взгляд
176214,Трое разгневанных мужчин
34440,Чиполлино
95438,Полночь в Париже
121499,Елки 1914
99961,Супер Майк
10610,Невеста из Москвы
143707,Сахар
66379,10 лет спустя
137311,Училка
123558,Номер 44
151734,Пятьдесят оттенков черного
115632,Женщина во дворе
126207,Вычислитель
8444,Ловушка
123299,Мария – королева Шотландии
11152,Приговоренные
33208,Новичок
191351,Сладкие фантазии 2
126995,Мама дарагая!
170325,Врач
11698,Наша Russia: Яйца судьбы
21041,Не оглядывайся
101637,Исходный код
51506,Дело было в Пенькове
56338,Крик 4
164227,Не в моем вкусе
187144,Март-апрель
146598,Война против всех
82731,Последние дни Помпеи
85898,Рождественский гость
8385,Река-море
7333,Миссия в Кабуле
7845,Фронт за линией фронта
9904,МосГорСмех
10714,Эти глаза напротив
6698,Авария
10455,Дилетант
7215,Комедия ошибок
10922,Любовь со всеми остановками
7378,Муми-дол
9212,Медовый месяц (2 серии)
7080,Живой труп (1968)
7536,Поздняя любовь
8447,Блудные дети
10838,Шанс (2015)
9930,Собираем силуэт
10594,Смарта и Чудо-Сумка
6904,Всегда говори «всегда»
7894,Шерлок Холмс и доктор Ватсон
9092,Фиксики
9525,Кот Саймона
7607,Ранетки
10560,Классная школа
9469,Приключения Ам Няма
9778,Анжелика
9716,Вторая свадьба
9570,Молодежка
9137,Бригада
7843,Фронт без флангов
10926,Белая рабыня
10183,Город
9446,"Котики, вперед!"
8248,Охотники за бриллиантами
9452,Условия контракта
10830,Переезд
7871,Человек войны
7562,Прииск
10633,Машины одежки
6859,Вечный зов
10684,Черная кошка
10931,Акватория
10532,Черный лес
10965,Девять неизвестных
10110,Шулер
10841,Я все помню
10076,Рожденная звездой
10121,"Кто, если не я?"
10425,Маленькое королевство Бена и Холли
10858,Чужое счастье
8254,Пеппи Длинныйчулок
10920,Домик у реки
7084,Жизнь Клима Самгина
10397,Принцесса Сисси
9244,Школа
6898,В плену страсти
10605,Второй брак
10211,Гуппи и пузырики
10099,Стена
7714,Собачье сердце
6881,Возвращение блудного попугая
7213,Коллекция
6932,Герой нашего времени
10639,Мяу-Мяу
9356,Убить Сталина
9424,Эшелон
10751,Хорошие руки
9559,Профессор Почемушкин
7939,Я лечу
10065,Тень стрекозы
8434,Военная разведка: Северный фронт
10819,Золотая клетка (2013)
10391,Фит-микс с Леонидом Зайцевым
10459,Осколки счастья 2
9671,Женщина в беде
8389,Золото Трои
10796,Фальшивая нота
10082,Правила охоты. Отступник
6999,Деревенская комедия
7770,Тени исчезают в полдень
10324,Одиссея капитана Блада
7652,Сваха
7421,Несколько дней из жизни И.И. Обломова
8383,Стая
10577,На белом коне
8209,По семейным обстоятельствам
9401,Ледников
9407,1942
8186,Батальоны просят огня
8141,Легенда о спящей красавице
6729,Алиса в Зазеркалье
10031,Трасса
7382,"Мы, нижеподписавшиеся"
9199,Время любить (2012)
10757,Никому не говори
7089,Жить сначала
10875,Убийство у моря
8417,Была тебе любимая…
10588,Коготь из Мавритании
8164,Последние дни планеты Земля
10217,Хранительница очага
9058,Полосатое счастье
7129,Иван Грозный
8282,Менталист
9581,Мастера ужасов
7264,Летучая мышь
7365,Мошенники
10729,Мировые войны XX века
9362,Партия для чемпионки
10549,Любовь и море
6707,Агония
10802,От печали до радости
9643,Цыган
7095,Тухачевский: Заговор маршала
10093,Тайна кумира
8878,Жизнь как сказка: Ганс Христиан Андерсен
8147,Сандокан 3
9705,Его любовь
6763,Баба Яга против!
11047,Пока цветет папоротник
7498,Папины дочки
10558,Тима и Тома
10243,4 машинки
9022,Колыбельные мира
7177,Кадетство
7312,Маша и Медведь
9990,Грузовичок Лева
9247,Мосгаз
10682,Екатерина. Взлет
9461,Татьянина ночь
9416,Зоннентау
9793,Приключения мишек Гамми
9540,Стрелок
9478,Нюхач
9444,Поиски улик
9900,Корабль
10929,Шиммер и Шайн
9405,Погружение
10209,Щенячий патруль
9562,Екатерина
10395,Дом терпимости
10828,Сказки мачехи
9962,Семья 3D
10839,Скалолазка
10277,Дуда и Дада
9714,Джодха и Акбар: История великой любви
7768,Темный инстинкт
8769,Тайны следствия
9399,Берега моей мечты
10080,Дружина
10845,Ищу мужчину
8392,Наследница
10541,Сборник любовных короткометражек
7104,Защита против
9219,Смешарики. Новые приключения
10592,Олли: Веселый грузовичок
8887,Тутанхамон: Проклятие гробницы
10367,Машинки
9534,Приключения Тайо
7318,Место встречи изменить нельзя
9675,Золото Глории
8190,Война и мир
9135,Крутые гонки
9225,Обратная сторона Луны
8471,При загадочных обстоятельствах
10547,Белая Стрела. Возмездие
10271,Юху и его друзья
6705,Агентство НЛС
10862,Верность
10755,Сжигая мосты
9495,Мусти
10552,Колобанга
10963,"Бес в ребро, или Великолепная четверка"
10586,Забытая женщина
10631,Умная тарелка
9967,Папаши
9945,RideThePlanet
9191,Диверсанты (2012)
7537,По имени Барон
9641,12 стульев
10659,Любовь без правил
8145,Покахонтас
10597,Расплата
9354,Молодая Екатерина
9810,Молодая гвардия (2015)
9427,Приказано уничтожить! Операция: «Китайская шкатулка»
9472,Привет от Катюши
8589,Есть идея...
8156,Легенда о Зорро (1991)
10642,Защитники
10125,Агентство
9579,Малыши и Летающие звери
7543,Последний бронепоезд
7723,Спальный район
8274,Теория большого взрыва
7121,Знахарь (1981)
9720,Предки
6986,Двое из ларца
8398,Медовый месяц
10046,Марафон для трех граций
10620,Дудочка крысолова
10322,Люди и звери
10856,Доярка из Хацапетовки
8364,Догтаньян и три мушкетера
9298,Цезарь
10665,Приключения Котигорошка и его друзей
10710,Забудь и вспомни
8173,Затерянные миры
7470,Оружие
995,6 кадров
9669,Снег и пепел
8865,Ученик Мерлина
7200,Кин-дза-дза!
10614,Темная сторона души
10811,Расплата за счастье
10772,Память сердца
8437,Пуля-дура. Изумрудное дело агента
9585,Следователь Протасов
7464,Оля + Коля
8994,Подсадной
10035,Убийство на троих
10327,Пропавшая экспедиция
973,31 июня
10794,Колечко с бирюзой
10952,Васильки
9202,Варенька. Испытание любви
7194,Касл
8291,Дневники вампира
9928,Грузовичок Пик
10057,Дэнни и его папа
9804,Однажды в стране чудес
7661,Свой-чужой
8876,Живой товар
9208,"Варенька. И в горе, и в радости"
9011,Реанимация
10935,Уходящая натура
8010,Болт и Блип
10603,Пуанты для плюшки
10316,Достояние республики
6795,Благородный разбойник Владимир Дубровский
10119,Приключения Дино
10738,Адвокатессы
9737,Как я встретил вашу маму
7942,Я – телохранитель
7571,"Приключения Петрова и Васечкина, обыкновенные и невероятные"
10108,Жребий судьбы
7515,Петр Первый
10187,Люди дела
10822,Средство от разлуки
6997,День гнева
6744,Андрей Рублев
9984,В мире чудес
8426,Семейный дом
10192,Все к лучшему
7796,Три лягушонка
8572,В последний момент
10766,Тили-тили-тесто
10237,Новая жизнь
9523,Переводчик
10800,Разбитые сердца
10974,Царство
10462,Новости кино
10575,Врачи
7380,Муми-тролль и другие
10817,Она сбила лётчика
8415,Дело было в Гавриловке 2
7447,Объяснение в любви
10687,Коньки для чемпионки
10777,Вопреки всему
7689,Сказки-потешки
9602,Мастера секса
9326,Мстители: Величайшие герои Земли
8201,О друзьях-товарищах
10867,Гюльчатай. Ради любви
9647,Сказка о волшебном бисере
9894,Футурама
10704,Интересно
8347,Ангус и Черил
